[{"id":"user-image-MicrosoftTeams-image-removebg-preview.png","publicUrl":"np://user.desktop.nicepage.com/Site_125646311/images/MicrosoftTeams-image-removebg-preview.png","size":8298,"fileName":"MicrosoftTeams-image-removebg-preview.png","name":"MicrosoftTeams-image-removebg-preview","width":253,"height":76,"thumbnail":{"url":"np://user.desktop.nicepage.com/Site_125646311/images/thumbnails/MicrosoftTeams-image-removebg-preview.png","width":250,"height":75}},{"id":"user-image-voetbal.jpg","publicUrl":"np://user.desktop.nicepage.com/Site_125646311/images/voetbal.jpg","size":149568,"fileName":"voetbal.jpg","name":"voetbal","width":1629,"height":1022,"thumbnail":{"url":"np://user.desktop.nicepage.com/Site_125646311/images/thumbnails/voetbal.jpg","width":250,"height":157}},{"id":"user-image-gamen-lead.jpg","publicUrl":"np://user.desktop.nicepage.com/Site_125646311/images/gamen-lead.jpg","size":92561,"fileName":"gamen-lead.jpg","name":"gamen-lead","width":810,"height":440,"thumbnail":{"url":"np://user.desktop.nicepage.com/Site_125646311/images/thumbnails/gamen-lead.jpg","width":250,"height":136}},{"id":"user-image-opleidingProgrammereninCsharp.jpg","publicUrl":"np://user.desktop.nicepage.com/Site_125646311/images/opleidingProgrammereninCsharp.jpg","size":31570,"fileName":"opleidingProgrammereninCsharp.jpg","name":"opleidingProgrammereninCsharp","width":700,"height":430,"thumbnail":{"url":"np://user.desktop.nicepage.com/Site_125646311/images/opleidingProgrammereninCsharp.jpg","width":250,"height":154}},{"id":"user-image-download.jfif","publicUrl":"np://user.desktop.nicepage.com/Site_125646311/images/download.jfif","size":77112,"fileName":"download.jfif","name":"download","width":694,"height":463,"thumbnail":{"url":"np://user.desktop.nicepage.com/Site_125646311/images/thumbnails/download.jfif","width":250,"height":167}},{"id":"user-image-muziek-luisteren-300x225.webp","publicUrl":"np://user.desktop.nicepage.com/Site_125646311/images/muziek-luisteren-300x225.webp","size":10104,"fileName":"muziek-luisteren-300x225.webp","name":"muziek-luisteren-300x225","width":300,"height":225,"thumbnail":{"url":"np://user.desktop.nicepage.com/Site_125646311/images/muziek-luisteren-300x225.webp","width":250,"height":188}}]